{"cameraMode":{"drawMode":0,"name":"Shaded","section":"Shading Mode"},"sceneLighting":false,"audioPlay":false,"sceneViewState":{"m_AlwaysRefresh":false,"showFog":true,"showSkybox":false,"showFlares":true,"showImageEffects":true,"showParticleSystems":true,"showVisualEffectGraphs":true,"m_FxEnabled":true},"in2DMode":false,"pivot":{"x":-1.7100000381469727,"y":0.2514999806880951,"z":-1.7599999904632569},"rotation":{"x":0.2142440676689148,"y":0.7058753967285156,"z":-0.23960568010807038,"w":0.6312387585639954},"size":0.08660249412059784,"orthographic":false}